constituency,pcon13cd,pcon15cd,first_name,last_name,party,colour,population_all,population_reg,percentage,deviation,
Aberavon,W07000049,W07000049,Stephen,Kinnock,Labour,#DC241f,"66,615",49821,66.63323035,33.36676965,
Aberconwy,W07000058,W07000058,Guto,Bebb,Conservative,#0087DC,"56,796",45525,60.8875336,39.1124664,`
Aldershot,E14000530,E14000530,Gerald,Howarth,Conservative,#0087DC,"105,549",72430,96.87169816,3.128301836,
Aldridge-Brownhills,E14000531,E14000531,Wendy,Morton,Conservative,#0087DC,"77,736",60215,80.53471358,19.46528642,
Altrincham and Sale West,E14000532,E14000532,Graham,Brady,Conservative,#0087DC,"99,607",71511,95.64257914,4.357420856,
Alyn and Deeside,W07000043,W07000043,Mark,Tami,Labour,#DC241f,"83,727",62016,82.94346587,17.05653413,
Amber Valley,E14000533,E14000533,Nigel,Mills,Conservative,#0087DC,"88,941",69510,92.96633632,7.033663684,
Arfon,W07000057,W07000057,Hywel,Williams,Plaid Cymru,#008142,"61,088",40492,54.15613423,45.84386577,
Arundel and South Downs,E14000534,E14000534,Nick,Herbert,Conservative,#0087DC,"98,271",77242,103.3075205,-3.307520496,
Ashfield,E14000535,E14000535,Gloria,De Piero,Labour,#DC241f,"103,934",77091,103.1055651,-3.105565141,
Ashford,E14000536,E14000536,Damian,Green,Conservative,#0087DC,"118,063",85177,113.9202076,-13.92020757,
Ashton-under-Lyne,E14000537,E14000537,Angela,Rayner,Labour,#DC241f,"91,096",68343,91.40552903,8.594470971,
Aylesbury,E14000538,E14000538,David,Lidington,Conservative,#0087DC,"114,834",80315,107.4175126,-7.417512605,
Banbury,E14000539,E14000539,Victoria,Prentis,Conservative,#0087DC,"119,726",86420,115.5826613,-15.58266126,
Barking,E14000540,E14000540,Margaret,Hodge,Labour,#DC241f,"131,105",73977,98.94073747,1.059262529,
Barnsley Central,E14000541,E14000541,Dan,Jarvis,Labour,#DC241f,"88,345",64534,86.31117174,13.68882826,
Barnsley East,E14000542,E14000542,Michael,Dugher,Labour,#DC241f,"93,042",69135,92.46479156,7.535208442,
Barrow and Furness,E14000543,E14000543,John,Woodcock,Labour/Co-operative,#DC241f,"87,399",68338,91.39884177,8.601158234,
Basildon and Billericay,E14000544,E14000544,John,Baron,Conservative,#0087DC,"93,235",66347,88.73597346,11.26402654,
Basingstoke,E14000545,E14000545,Maria,Miller,Conservative,#0087DC,"112,626",79665,106.5481684,-6.548168359,
Bassetlaw,E14000546,E14000546,John,Mann,Labour,#DC241f,"104,926",76796,102.7110166,-2.711016598,
Bath,E14000547,E14000547,Ben,Howlett,Conservative,#0087DC,"92,997",63084,84.37186535,15.62813465,
Batley and Spen,E14000548,E14000548,Jo,Cox,Labour,#DC241f,"110,325",78373,104.8201795,-4.820179486,
Battersea,E14000549,E14000549,Jane,Ellison,Conservative,#0087DC,"110,928",76111,101.7948615,-1.794861507,
Beaconsfield,E14000550,E14000550,Dominic,Grieve,Conservative,#0087DC,"101,314",74726,99.94248953,0.057510466,
Beckenham,E14000551,E14000551,Bob,Stewart,Conservative,#0087DC,"90,613",67439,90.1964718,9.8035282,
Bedford,E14000552,E14000552,Richard,Fuller,Conservative,#0087DC,"103,917",69311,92.70018323,7.299816769,
Bermondsey and Old Southwark,E14000553,E14000553,Neil,Coyle,Labour,#DC241f,"136,812",83298,111.407134,-11.40713397,
Berwick-upon-Tweed,E14000554,E14000554,Anne-Marie,Trevelyan,Conservative,#0087DC,"75,640",56969,76.19334216,23.80665784,
Bethnal Green and Bow,E14000555,E14000555,Rushanara,Ali,Labour,#DC241f,"136,523",82727,110.6434485,-10.64344849,
Beverley and Holderness,E14000556,E14000556,Graham,Stuart,Conservative,#0087DC,"100,410",80805,108.0728644,-8.072864422,
Bexhill and Battle,E14000557,E14000557,Huw,Merriman,Conservative,#0087DC,"102,271",78796,105.385922,-5.385921973,
Bexleyheath and Crayford,E14000558,E14000558,David,Evennett,Conservative,#0087DC,"90,340",64828,86.70438283,13.29561717,
Birkenhead,E14000559,E14000559,Frank,Field,Labour,#DC241f,"89,182",62410,83.47042223,16.52957777,
"Birmingham, Edgbaston",E14000560,E14000560,Gisela,Stuart,Labour,#DC241f,"99,614",65591,87.72485923,12.27514077,
"Birmingham, Erdington",E14000561,E14000561,Jack,Dromey,Labour,#DC241f,"99,968",65128,87.10561864,12.89438136,
"Birmingham, Hall Green",E14000562,E14000562,Roger,Godsiff,Labour,#DC241f,"118,171",76330,102.0877636,-2.087763645,
"Birmingham, Hodge Hill",E14000563,E14000563,Liam,Byrne,Labour,#DC241f,"126,360",75302,100.7128623,-0.712862282,
"Birmingham, Ladywood",E14000564,E14000564,Shabana,Mahmood,Labour,#DC241f,"134,989",68128,91.1179767,8.882023298,
"Birmingham, Northfield",E14000565,E14000565,Richard,Burden,Labour,#DC241f,"102,465",71428,95.53157057,4.468429429,
"Birmingham, Perry Barr",E14000566,E14000566,Khalid,Mahmood,Labour,#DC241f,"109,250",69943,93.54545333,6.45454667,
"Birmingham, Selly Oak",E14000567,E14000567,Steve,McCabe,Labour,#DC241f,"106,053",75092,100.4319972,-0.431997218,
"Birmingham, Yardley",E14000568,E14000568,Jess,Phillips,Labour,#DC241f,"109,576",72146,96.4918616,3.5081384,
Bishop Auckland,E14000569,E14000569,Helen,Goodman,Labour,#DC241f,"87,982",66070,88.36549907,11.63450093,
Blackburn,E14000570,E14000570,Kate,Hollern,Labour,#DC241f,"107,024",73260,97.98178389,2.018216106,
Blackley and Broughton,E14000571,E14000571,Graham,Stringer,Labour,#DC241f,"116,015",71913,96.18023512,3.819764876,
Blackpool North and Cleveleys,E14000572,E14000572,Paul,Maynard,Conservative,#0087DC,"83,206",62468,83.54799449,16.45200551,
Blackpool South,E14000573,E14000573,Gordon,Marsden,Labour,#DC241f,"79,990",57411,76.78449625,23.21550375,
Blaenau Gwent,W07000072,W07000072,Nick,Smith,Labour,#DC241f,"69,674",51335,68.65813372,31.34186628,
Blaydon,E14000574,E14000574,David,Anderson,Labour,#DC241f,"88,461",67901,90.81437494,9.185625059,
Blyth Valley,E14000575,E14000575,Ronnie,Campbell,Labour,#DC241f,"82,253",61247,81.91496476,18.08503524,
Bognor Regis and Littlehampton,E14000576,E14000576,Nick,Gibb,Conservative,#0087DC,"102,675",72995,97.62735893,2.372641068,
Bolsover,E14000577,E14000577,Dennis,Skinner,Labour,#DC241f,"95,853",71979,96.268507,3.731492998,
Bolton North East,E14000578,E14000578,David,Crausby,Labour,#DC241f,"96,419",67895,90.80635023,9.193649775,
Bolton South East,E14000579,E14000579,Yasmin,Qureshi,Labour,#DC241f,"103,388",69687,93.20306544,6.796934558,
Bolton West,E14000580,E14000580,Chris,Green,Conservative,#0087DC,"95,658",72719,97.25822199,2.74177801,
Bootle,E14000581,E14000581,Peter,Dowd,Labour,#DC241f,"98,178",70145,93.81561877,6.184381228,
Boston and Skegness,E14000582,E14000582,Matt,Warman,Conservative,#0087DC,"103,898",67064,89.69492704,10.30507296,
Bosworth,E14000583,E14000583,David,Tredinnick,Conservative,#0087DC,"100,879",79738,106.6458024,-6.645802405,
Bournemouth East,E14000584,E14000584,Tobias,Ellwood,Conservative,#0087DC,"106,916",72275,96.664393,3.335607003,
Bournemouth West,E14000585,E14000585,Conor,Burns,Conservative,#0087DC,"102,345",72082,96.40626463,3.593735372,
Bracknell,E14000586,E14000586,Phillip,Lee,Conservative,#0087DC,"109,645",81271,108.6961174,-8.696117375,
Bradford East,E14000587,E14000587,Imran,Hussain,Labour,#DC241f,"116,157",66121,88.43370916,11.56629084,
Bradford South,E14000588,E14000588,Judith,Cummins,Labour,#DC241f,"103,060",63674,85.16096243,14.83903757,
Bradford West,E14000589,E14000589,Naseem,Shah,Labour,#DC241f,"116,290",63372,84.75705172,15.24294828,
Braintree,E14000590,E14000590,James,Cleverly,Conservative,#0087DC,"99,944",73557,98.37900734,1.620992657,
Brecon and Radnorshire,W07000068,W07000068,Chris,Davies,Conservative,#0087DC,"69,146",54441,72.81226177,27.18773823,
Brent Central,E14000591,E14000591,Dawn,Butler,Labour,#DC241f,"142,591",77038,103.0346801,-3.034680148,
Brent North,E14000592,E14000592,Barry,Gardiner,Labour,#DC241f,"133,311",82196,109.9332611,-9.933261111,
Brentford and Isleworth,E14000593,E14000593,Ruth,Cadbury,Labour,#DC241f,"133,165",84602,113.1511723,-13.15117228,
Brentwood and Ongar,E14000594,E14000594,Eric,Pickles,Conservative,#0087DC,"95,574",71918,96.18692239,3.813077612,
Bridgend,W07000073,W07000073,Madeleine,Moon,Labour,#DC241f,"81,544",59998,80.24448635,19.75551365,
Bridgwater and West Somerset,E14000595,E14000595,Ian,Liddell-Grainger,Conservative,#0087DC,"109,616",80491,107.6529043,-7.652904279,
Brigg and Goole,E14000596,E14000596,Andrew,Percy,Conservative,#0087DC,"87,776",68488,91.59945967,8.400540331,
"Brighton, Kemptown",E14000597,E14000597,Simon,Kirby,Conservative,#0087DC,"93,856",67858,90.75686448,9.243135524,
"Brighton, Pavilion",E14000598,E14000598,Caroline,Lucas,Green,#6AB023,"108,041",76557,102.3913654,-2.391365405,
Bristol East,E14000599,E14000599,Kerry,McCarthy,Labour,#DC241f,"98,632",71193,95.21726919,4.782730811,
Bristol North West,E14000600,E14000600,Charlotte,Leslie,Conservative,#0087DC,"102,927",74743,99.96522623,0.03477377,
Bristol South,E14000601,E14000601,Karin,Smyth,Labour,#DC241f,"110,728",81496,108.9970442,-8.99704423,
Bristol West,E14000602,E14000602,Thangam,Debbonaire,Labour,#DC241f,"130,187",91236,122.0238334,-22.02383341,
Broadland,E14000603,E14000603,Keith,Simpson,Conservative,#0087DC,"96,216",73552,98.37232008,1.627679921,
Bromley and Chislehurst,E14000604,E14000604,Bob,Neill,Conservative,#0087DC,"92,437",65477,87.57238963,12.42761037,
Bromsgrove,E14000605,E14000605,Sajid,Javid,Conservative,#0087DC,"95,485",73337,98.08476775,1.915232249,
Broxbourne,E14000606,E14000606,Charles,Walker,Conservative,#0087DC,"101,021",72944,97.55914885,2.440851155,
Broxtowe,E14000607,E14000607,Anna,Soubry,Conservative,#0087DC,"97,032",71764,95.98095467,4.019045326,
Buckingham,E14000608,E14000608,John,Bercow,Speaker,#DDDDDD,"101,079",77425,103.5522743,-3.552274338,
Burnley,E14000609,E14000609,Julie,Cooper,Labour,#DC241f,"87,291",64477,86.23493694,13.76506306,
Burton,E14000610,E14000610,Andrew,Griffiths,Conservative,#0087DC,"104,648",75248,100.6406398,-0.640639837,
Bury North,E14000611,E14000611,David,Nuttall,Conservative,#0087DC,"88,411",67580,90.38505263,9.614947371,
Bury South,E14000612,E14000612,Ivan,Lewis,Labour,#DC241f,"99,063",73883,98.81501692,1.184983081,
Bury St Edmunds,E14000613,E14000613,Jo,Churchill,Conservative,#0087DC,"116,143",85982,114.996857,-14.99685699,
Caerphilly,W07000076,W07000076,Wayne,David,Labour,#DC241f,"87,760",63603,85.06600329,14.93399671,
Calder Valley,E14000614,E14000614,Craig,Whittaker,Conservative,#0087DC,"104,128",77754,103.9922963,-3.992296273,
Camberwell and Peckham,E14000615,E14000615,Harriet,Harman,Labour,#DC241f,"128,795",82746,110.6688601,-10.66886009,
Camborne and Redruth,E14000616,E14000616,George,Eustice,Conservative,#0087DC,"87,924",66944,89.53443272,10.46556728,
Cambridge,E14000617,E14000617,Daniel,Zeichner,Labour,#DC241f,"119,144",83384,111.5221549,-11.5221549,
Cannock Chase,E14000618,E14000618,Amanda,Milling,Conservative,#0087DC,"98,549",74532,99.68302371,0.316976287,
Canterbury,E14000619,E14000619,Julian,Brazier,Conservative,#0087DC,"114,106",81341,108.7897391,-8.789739063,
Cardiff Central,W07000050,W07000050,Jo,Stevens,Labour,#DC241f,"90,656",57456,76.84468162,23.15531838,
Cardiff North,W07000051,W07000051,Craig,Williams,Conservative,#0087DC,"88,653",67196,89.8714708,10.1285292,
Cardiff South and Penarth,W07000080,W07000080,Stephen,Doughty,Labour/Co-operative,#DC241f,"111,714",76006,101.654429,-1.654428975,
Cardiff West,W07000079,W07000079,Kevin,Brennan,Labour,#DC241f,"92,268",66762,89.29101633,10.70898367,
Carlisle,E14000620,E14000620,John,Stevenson,Conservative,#0087DC,"86,333",65827,88.04049807,11.95950193,
Carmarthen East and Dinefwr,W07000067,W07000067,Jonathan,Edwards,Plaid Cymru,#008142,"71,444",55750,74.56298733,25.43701267,
Carmarthen West and South Pembrokeshire,W07000066,W07000066,Simon,Hart,Conservative,#0087DC,"77,430",57755,77.24457997,22.75542003,
Carshalton and Wallington,E14000621,E14000621,Tom,Brake,Liberal Democrat,#FDBB30,"99,218",69981,93.59627653,6.403723468,
Castle Point,E14000622,E14000622,Rebecca,Harris,Conservative,#0087DC,"88,907",68170,91.17414971,8.825850286,
Central Devon,E14000623,E14000623,Mel,Stride,Conservative,#0087DC,"90,806",72737,97.28229614,2.717703861,
Central Suffolk and North Ipswich,E14000624,E14000624,Daniel,Poulter,Conservative,#0087DC,"99,762",76666,102.5371477,-2.537147748,
Ceredigion,W07000064,W07000064,Mark,Williams,Liberal Democrat,#FDBB30,"75,425",54242,72.54610868,27.45389132,
Charnwood,E14000625,E14000625,Edward,Argar,Conservative,#0087DC,"98,212",77269,103.3436317,-3.343631719,
Chatham and Aylesford,E14000626,E14000626,Tracey,Crouch,Conservative,#0087DC,"101,102",66355,88.74667309,11.25332691,
Cheadle,E14000627,E14000627,Mary,Robinson,Conservative,#0087DC,"92,127",73239,97.95369739,2.046302612,
Chelmsford,E14000628,E14000628,Simon,Burns,Conservative,#0087DC,"107,761",78580,105.0970322,-5.097032192,
Chelsea and Fulham,E14000629,E14000629,Greg,Hands,Conservative,#0087DC,"105,212",63478,84.8988217,15.1011783,
Cheltenham,E14000630,E14000630,Alex,Chalk,Conservative,#0087DC,"105,612",77287,103.3677059,-3.367705867,
Chesham and Amersham,E14000631,E14000631,Cheryl,Gillan,Conservative,#0087DC,"93,972",72547,97.02818013,2.971819872,
Chesterfield,E14000632,E14000632,Toby,Perkins,Labour,#DC241f,"93,909",71625,95.79504875,4.20495125,
Chichester,E14000633,E14000633,Andrew,Tyrie,Conservative,#0087DC,"106,258",83396,111.5382043,-11.53820434,
Chingford and Woodford Green,E14000634,E14000634,Iain,Duncan Smith,Conservative,#0087DC,"90,918",66680,89.18134521,10.81865479,
Chippenham,E14000635,E14000635,Michelle,Donelan,Conservative,#0087DC,"98,257",74218,99.26306357,0.736936431,
Chipping Barnet,E14000636,E14000636,Theresa,Villiers,Conservative,#0087DC,"116,807",77807,104.0631813,-4.063181265,
Chorley,E14000637,E14000637,Lindsay,Hoyle,Labour,#DC241f,"99,182",74679,99.87962926,0.120370742,
Christchurch,E14000638,E14000638,Christopher,Chope,Conservative,#0087DC,"85,227",69303,92.68948361,7.31051639,
Cities of London and Westminster,E14000639,E14000639,Mark,Field,Conservative,#0087DC,"117,862",60992,81.57391432,18.42608568,
City of Chester,E14000640,E14000640,Chris,Matheson,Labour,#DC241f,"95,093",74485,99.62016344,0.379836563,
City of Durham,E14000641,E14000641,Roberta,Blackman-Woods,Labour,#DC241f,"97,237",68725,91.91643596,8.083564044,
Clacton,E14000642,E14000642,Douglas,Carswell,UKIP,#70147A,"86,630",68936,92.19863847,7.801361527,
Cleethorpes,E14000643,E14000643,Martin,Vickers,Conservative,#0087DC,"94,035",71008,94.96984044,5.030159558,
Clwyd South,W07000062,W07000062,Susan Elan,Jones,Labour,#DC241f,"73,269",54996,73.55454801,26.44545199,
Clwyd West,W07000059,W07000059,David,Jones,Conservative,#0087DC,"75,027",58644,78.43357541,21.56642459,
Colchester,E14000644,E14000644,Will,Quince,Conservative,#0087DC,"114,462",74204,99.24433923,0.755660769,
Colne Valley,E14000645,E14000645,Jason,McCartney,Conservative,#0087DC,"110,953",82516,110.361246,-10.36124597,
Congleton,E14000646,E14000646,Fiona,Bruce,Conservative,#0087DC,"92,663",72503,96.96933221,3.03066779,
Copeland,E14000647,E14000647,Jamie,Reed,Labour,#DC241f,"79,930",62087,83.03842502,16.96157498,
Corby,E14000648,E14000648,Tom,Pursglove,Conservative,#0087DC,"115,100",79775,106.6952882,-6.695288154,
Coventry North East,E14000649,E14000649,Colleen,Fletcher,Labour,#DC241f,"118,070",75462,100.9268547,-0.926854713,
Coventry North West,E14000650,E14000650,Geoffrey,Robinson,Labour,#DC241f,"106,624",73626,98.47129158,1.528708422,
Coventry South,E14000651,E14000651,Jim,Cunningham,Labour,#DC241f,"112,734",70397,94.15265685,5.84734315,
Crawley,E14000652,E14000652,Henry,Smith,Conservative,#0087DC,"109,883",73936,98.88590191,1.114098089,
Crewe and Nantwich,E14000653,E14000653,Edward,Timpson,Conservative,#0087DC,"108,671",74169,99.19752839,0.802471613,
Croydon Central,E14000654,E14000654,Gavin,Barwell,Conservative,#0087DC,"117,932",78171,104.550014,-4.550014043,
Croydon North,E14000655,E14000655,Steve,Reed,Labour/Co-operative,#DC241f,"141,843",85941,114.9420214,-14.94202143,
Croydon South,E14000656,E14000656,Chris,Philp,Conservative,#0087DC,"116,265",82010,109.6844949,-9.684494911,
Cynon Valley,W07000070,W07000070,Ann,Clwyd,Labour,#DC241f,"69,892",51422,68.7744921,31.2255079,
Dagenham and Rainham,E14000657,E14000657,Jon,Cruddas,Labour,#DC241f,"106,496",69128,92.45542939,7.544570611,
Darlington,E14000658,E14000658,Jenny,Chapman,Labour,#DC241f,"91,034",65851,88.07259693,11.92740307,
Dartford,E14000659,E14000659,Gareth,Johnson,Conservative,#0087DC,"108,202",75209,100.5884792,-0.588479183,
Daventry,E14000660,E14000660,Chris,Heaton-Harris,Conservative,#0087DC,"95,248",72873,97.4641897,2.535810296,
Delyn,W07000042,W07000042,David,Hanson,Labour,#DC241f,"70,077",53639,71.73962471,28.26037529,
Denton and Reddish,E14000661,E14000661,Andrew,Gwynne,Labour,#DC241f,"86,062",66141,88.46045821,11.53954179,
Derby North,E14000662,E14000662,Amanda,Solloway,Conservative,#0087DC,"101,342",69794,93.34617288,6.653827121,
Derby South,E14000663,E14000663,Margaret,Beckett,Labour,#DC241f,"111,939",70240,93.94267678,6.057323222,
Derbyshire Dales,E14000664,E14000664,Patrick,McLoughlin,Conservative,#0087DC,"78,952",63476,84.8961468,15.1038532,
Devizes,E14000665,E14000665,Claire,Perry,Conservative,#0087DC,"100,857",69205,92.55841325,7.441586754,
Dewsbury,E14000666,E14000666,Paula,Sherriff,Labour,#DC241f,"112,610",79770,106.6886009,-6.688600891,
Don Valley,E14000667,E14000667,Caroline,Flint,Labour,#DC241f,"98,740",71299,95.35903917,4.640960826,
Doncaster Central,E14000668,E14000668,Rosie,Winterton,Labour,#DC241f,"106,981",71136,95.14103439,4.858965614,
Doncaster North,E14000669,E14000669,Ed,Miliband,Labour,#DC241f,"98,464",70989,94.94442884,5.055571159,
Dover,E14000670,E14000670,Charlie,Elphicke,Conservative,#0087DC,"99,003",72930,97.54042451,2.459575493,
Dudley North,E14000671,E14000671,Ian,Austin,Labour,#DC241f,"83,042",60717,81.20611483,18.79388517,
Dudley South,E14000672,E14000672,Mike,Wood,Conservative,#0087DC,"80,285",60363,80.73265658,19.26734342,
Dulwich and West Norwood,E14000673,E14000673,Helen,Hayes,Labour,#DC241f,"113,754",76575,102.4154396,-2.415439554,
Dwyfor Meirionnydd,W07000061,W07000061,Liz,Saville-Roberts,Plaid Cymru,#008142,"61,185",44394,59.37487461,40.62512539,
Ealing Central and Acton,E14000674,E14000674,Rupa,Huq,Labour,#DC241f,"121,006",71422,95.52354585,4.476454145,
Ealing North,E14000675,E14000675,Steve,Pound,Labour,#DC241f,"122,533",73881,98.81234201,1.187657987,
"Ealing, Southall",E14000676,E14000676,Virendra,Sharma,Labour,#DC241f,"98,579",65606,87.74492102,12.25507898,
Easington,E14000677,E14000677,Grahame,Morris,Labour,#DC241f,"82,761",61659,82.46599527,17.53400473,
East Devon,E14000678,E14000678,Hugo,Swire,Conservative,#0087DC,"98,326",76519,102.3405422,-2.340542203,
East Ham,E14000679,E14000679,Stephen,Timms,Labour,#DC241f,"157,946",87382,116.8692907,-16.86929075,
East Hampshire,E14000680,E14000680,Damian,Hinds,Conservative,#0087DC,"96,816",71074,95.05811232,4.941887681,
East Surrey,E14000681,E14000681,Sam,Gyimah,Conservative,#0087DC,"108,531",79654,106.5334564,-6.533456379,
East Worthing and Shoreham,E14000682,E14000682,Tim,Loughton,Conservative,#0087DC,"98,758",74775,100.0080247,-0.008024716,
East Yorkshire,E14000683,E14000683,Greg,Knight,Conservative,#0087DC,"101,009",81023,108.3644291,-8.364429108,
Eastbourne,E14000684,E14000684,Caroline,Ansell,Conservative,#0087DC,"109,024",78262,104.6717222,-4.671722238,
Eastleigh,E14000685,E14000685,Mims,Davies,Conservative,#0087DC,"107,232",79609,106.473271,-6.473271008,
Eddisbury,E14000686,E14000686,Antoinette,Sandbach,Conservative,#0087DC,"86,049",68569,91.70779334,8.292206663,
Edmonton,E14000687,E14000687,Kate,Osamor,Labour/Co-operative,#DC241f,"117,435",66016,88.29327663,11.70672337,
Ellesmere Port and Neston,E14000688,E14000688,Justin,Madders,Labour,#DC241f,"87,151",69223,92.58248739,7.417512605,
Elmet and Rothwell,E14000689,E14000689,Alec,Shelbrooke,Conservative,#0087DC,"99,823",79143,105.8500181,-5.850018056,
Eltham,E14000690,E14000690,Clive,Efford,Labour,#DC241f,"92,875",63998,85.5942971,14.4057029,
Enfield North,E14000691,E14000691,Joan,Ryan,Labour,#DC241f,"106,314",68118,91.10460217,8.895397825,
"Enfield, Southgate",E14000692,E14000692,David,Burrowes,Conservative,#0087DC,"100,825",64937,86.85016518,13.14983482,
Epping Forest,E14000693,E14000693,Eleanor,Laing,Conservative,#0087DC,"98,324",73447,98.23188755,1.768112453,
Epsom and Ewell,E14000694,E14000694,Chris,Grayling,Conservative,#0087DC,"108,228",78633,105.1679172,-5.167917185,
Erewash,E14000695,E14000695,Maggie,Throup,Conservative,#0087DC,"95,778",71943,96.2203587,3.779641295,
Erith and Thamesmead,E14000696,E14000696,Teresa,Pearce,Labour,#DC241f,"117,820",70397,94.15265685,5.84734315,
Esher and Walton,E14000697,E14000697,Dominic,Raab,Conservative,#0087DC,"111,139",79894,106.854445,-6.854445024,
Exeter,E14000698,E14000698,Ben,Bradshaw,Labour,#DC241f,"111,435",76968,102.9410585,-2.94105846,
Fareham,E14000699,E14000699,Suella,Fernandes,Conservative,#0087DC,"100,003",77114,103.1363266,-3.136326552,
Faversham and Mid Kent,E14000700,E14000700,Helen,Whately,Conservative,#0087DC,"94,564",69523,92.9837232,7.016276799,
Feltham and Heston,E14000701,E14000701,Seema,Malhotra,Labour/Co-operative,#DC241f,"132,403",82340,110.1258543,-10.1258543,
Filton and Bradley Stoke,E14000702,E14000702,Jack,Lopresti,Conservative,#0087DC,"97,724",71310,95.37375115,4.626248846,
Finchley and Golders Green,E14000703,E14000703,Mike,Freer,Conservative,#0087DC,"126,166",72530,97.00544343,2.994556568,
Folkestone and Hythe,E14000704,E14000704,Damian,Collins,Conservative,#0087DC,"114,674",83651,111.8792548,-11.87925477,
Forest of Dean,E14000705,E14000705,Mark,Harper,Conservative,#0087DC,"87,895",69865,93.44113202,6.55886798,
Fylde,E14000706,E14000706,Mark,Menzies,Conservative,#0087DC,"83,168",65679,87.84255507,12.15744493,
Gainsborough,E14000707,E14000707,Edward,Leigh,Conservative,#0087DC,"94,348",74686,99.88899143,0.111008573,
Garston and Halewood,E14000708,E14000708,Maria,Eagle,Labour,#DC241f,"98,471",73719,98.59567468,1.404325322,
Gateshead,E14000709,E14000709,Ian,Mearns,Labour,#DC241f,"94,765",64524,86.29779722,13.70220278,
Gedling,E14000710,E14000710,Vernon,Coaker,Labour,#DC241f,"94,136",70000,93.62168813,6.378311867,
Gillingham and Rainham,E14000711,E14000711,Rehman,Chishti,Conservative,#0087DC,"101,555",70984,94.93774158,5.062258423,
Gloucester,E14000712,E14000712,Richard,Graham,Conservative,#0087DC,"116,045",82968,110.9657746,-10.96577459,
Gosport,E14000713,E14000713,Caroline,Dinenage,Conservative,#0087DC,"98,615",73268,97.99248352,2.007516484,
Gower,W07000046,W07000046,Byron,Davies,Conservative,#0087DC,"78,107",61820,82.68132515,17.31867485,
Grantham and Stamford,E14000714,E14000714,Nicholas,Boles,Conservative,#0087DC,"108,180",81150,108.5342856,-8.5342856,
Gravesham,E14000715,E14000715,Adam,Holloway,Conservative,#0087DC,"105,261",72043,96.35410397,3.645896026,
Great Grimsby,E14000716,E14000716,Melanie,Onn,Labour,#DC241f,"88,345",59200,79.17719911,20.82280089,
Great Yarmouth,E14000717,E14000717,Brandon,Lewis,Conservative,#0087DC,"98,172",69793,93.34483543,6.655164574,
Greenwich and Woolwich,E14000718,E14000718,Matthew,Pennycook,Labour,#DC241f,"118,847",73315,98.05534379,1.944656208,
Guildford,E14000719,E14000719,Anne,Milton,Conservative,#0087DC,"110,995",75733,101.2893044,-1.289304391,
Hackney North and Stoke Newington,E14000720,E14000720,Diane,Abbott,Labour,#DC241f,"136,365",88153,117.9004668,-17.90046677,
Hackney South and Shoreditch,E14000721,E14000721,Meg,Hillier,Labour/Co-operative,#DC241f,"126,785",84971,113.6446923,-13.64469232,
Halesowen and Rowley Regis,E14000722,E14000722,James,Morris,Conservative,#0087DC,"88,899",66048,88.33607511,11.66392489,
Halifax,E14000723,E14000723,Holly,Lynch,Labour,#DC241f,"103,248",70462,94.23959127,5.760408726,
Haltemprice and Howden,E14000724,E14000724,David,Davis,Conservative,#0087DC,"89,310",71195,95.21994409,4.780055906,
Halton,E14000725,E14000725,Derek,Twigg,Labour,#DC241f,"95,916",72818,97.39062981,2.609370194,
Hammersmith,E14000726,E14000726,Andrew,Slaughter,Labour,#DC241f,"115,473",72254,96.63630649,3.363693509,
Hampstead and Kilburn,E14000727,E14000727,Tulip,Siddiq,Labour,#DC241f,"136,464",80195,107.2570183,-7.257018283,
Harborough,E14000728,E14000728,Edward,Garnier,Conservative,#0087DC,"102,471",77760,104.000321,-4.000320989,
Harlow,E14000729,E14000729,Robert,Halfon,Conservative,#0087DC,"95,088",67994,90.93875804,9.061241959,
Harrogate and Knaresborough,E14000730,E14000730,Andrew,Jones,Conservative,#0087DC,"101,346",76408,102.192085,-2.192084955,
Harrow East,E14000731,E14000731,Bob,Blackman,Conservative,#0087DC,"107,339",70981,94.93372922,5.066270781,
Harrow West,E14000732,E14000732,Gareth,Thomas,Labour/Co-operative,#DC241f,"106,977",69644,93.14555498,6.854445024,
Hartlepool,E14000733,E14000733,Iain,Wright,Labour,#DC241f,"92,590",69947,93.55080314,6.44919686,
Harwich and North Essex,E14000734,E14000734,Bernard,Jenkin,Conservative,#0087DC,"92,753",69290,92.67209672,7.327903275,
Hastings and Rye,E14000735,E14000735,Amber,Rudd,Conservative,#0087DC,"109,325",75095,100.4360096,-0.436009576,
Havant,E14000736,E14000736,Alan,Mak,Conservative,#0087DC,"93,138",70573,94.38804852,5.611951477,
Hayes and Harlington,E14000737,E14000737,John Martin,McDonnell,Labour,#DC241f,"120,568",74874,100.1404325,-0.140432532,
Hazel Grove,E14000738,E14000738,William,Wragg,Conservative,#0087DC,"79,829",63098,84.39058968,15.60941032,
Hemel Hempstead,E14000739,E14000739,Mike,Penning,Conservative,#0087DC,"103,117",74616,99.79536974,0.204630261,
Hemsworth,E14000740,E14000740,Jon,Trickett,Labour,#DC241f,"94,809",72714,97.25153473,2.748465273,
Hendon,E14000741,E14000741,Matthew,Offord,Conservative,#0087DC,"131,942",75285,100.6901256,-0.690125587,
Henley,E14000742,E14000742,John,Howell,Conservative,#0087DC,"99,042",77946,104.2490872,-4.249087189,
Hereford and South Herefordshire,E14000743,E14000743,Jesse,Norman,Conservative,#0087DC,"99,146",71485,95.60780537,4.392194626,
Hertford and Stortford,E14000744,E14000744,Mark,Prisk,Conservative,#0087DC,"111,195",80610,107.8120611,-7.812061148,
Hertsmere,E14000745,E14000745,Oliver,Dowden,Conservative,#0087DC,"102,427",73767,98.65987241,1.340127593,
Hexham,E14000746,E14000746,Guy,Opperman,Conservative,#0087DC,"76,338",59708,79.85662507,20.14337493,
Heywood and Middleton,E14000747,E14000747,Liz,McInnes,Labour,#DC241f,"104,705",79989,106.981503,-6.981503029,
High Peak,E14000748,E14000748,Andrew,Bingham,Conservative,#0087DC,"91,364",73336,98.0834303,1.916569701,
Hitchin and Harpenden,E14000749,E14000749,Peter,Lilley,Conservative,#0087DC,"102,141",80333,107.4415868,-7.441586754,
Holborn and St Pancras,E14000750,E14000750,Keir,Starmer,Labour,#DC241f,"143,242",86764,116.042745,-16.04274499,
Hornchurch and Upminster,E14000751,E14000751,Angela,Watkinson,Conservative,#0087DC,"106,274",79331,106.1014592,-6.101459161,
Hornsey and Wood Green,E14000752,E14000752,Catherine,West,Labour,#DC241f,"129,438",79247,105.9891131,-5.989113135,
Horsham,E14000753,E14000753,Jeremy,Quin,Conservative,#0087DC,"106,628",79085,105.7724458,-5.7724458,
Houghton and Sunderland South,E14000754,E14000754,Bridget,Phillipson,Labour,#DC241f,"87,641",68324,91.38011743,8.619882572,
Hove,E14000755,E14000755,Peter,Kyle,Labour,#DC241f,"101,279",73505,98.3094598,1.690540197,
Huddersfield,E14000756,E14000756,Barry,Sheerman,Labour/Co-operative,#DC241f,"97,132",65269,87.29419947,12.70580053,
Huntingdon,E14000757,E14000757,Jonathan,Djanogly,Conservative,#0087DC,"116,371",82593,110.4642298,-10.46422983,
Hyndburn,E14000758,E14000758,Graham,Jones,Labour,#DC241f,"91,907",68341,91.40285412,8.597145876,
Ilford North,E14000759,E14000759,Wes,Streeting,Labour,#DC241f,"106,521",75294,100.7021627,-0.702162661,
Ilford South,E14000760,E14000760,Mike,Gapes,Labour/Co-operative,#DC241f,"139,639",91987,123.0282604,-23.02826038,
Ipswich,E14000761,E14000761,Ben,Gummer,Conservative,#0087DC,"110,635",74499,99.63888777,0.361112226,
Isle of Wight,E14000762,E14000762,Andrew,Turner,Conservative,#0087DC,"139,105",108804,145.5202022,-45.52020222,
Islington North,E14000763,E14000763,Jeremy,Corbyn,Labour,#DC241f,"109,267",73326,98.07005577,1.929944228,
Islington South and Finsbury,E14000764,E14000764,Emily,Thornberry,Labour,#DC241f,"111,763",68127,91.11663925,8.883360751,
Islwyn,W07000077,W07000077,Chris,Evans,Labour/Co-operative,#DC241f,"75,858",55697,74.49210234,25.50789766,
Jarrow,E14000765,E14000765,Stephen,Hepburn,Labour,#DC241f,"83,359",64002,85.59964691,14.40035309,
Keighley,E14000766,E14000766,Kris,Hopkins,Conservative,#0087DC,"97,183",68865,92.10367933,7.896320668,
Kenilworth and Southam,E14000767,E14000767,Jeremy,Wright,Conservative,#0087DC,"81,838",63957,85.53946154,14.46053846,
Kensington,E14000768,E14000768,Victoria,Borwick,Conservative,#0087DC,"113,870",61133,81.76249515,18.23750485,
Kettering,E14000769,E14000769,Philip,Hollobone,Conservative,#0087DC,"96,945",70155,93.8289933,6.171006701,
Kingston and Surbiton,E14000770,E14000770,James,Berry,Conservative,#0087DC,"124,656",81238,108.6519814,-8.651981436,
Kingston upon Hull East,E14000771,E14000771,Karl,Turner,Labour,#DC241f,"91,941",65710,87.8840161,12.1159839,
Kingston upon Hull North,E14000772,E14000772,Diana R.,Johnson,Labour,#DC241f,"95,006",64148,85.794915,14.205085,
Kingston upon Hull West and Hessle,E14000773,E14000773,Alan,Johnson,Labour,#DC241f,"85,622",59100,79.04345384,20.95654616,
Kingswood,E14000774,E14000774,Chris,Skidmore,Conservative,#0087DC,"89,562",68193,91.20491113,8.795088874,
Knowsley,E14000775,E14000775,George,Howarth,Labour,#DC241f,"104,032",79108,105.8032072,-5.803207212,
Lancaster and Fleetwood,E14000776,E14000776,Cat,Smith,Labour,#DC241f,"88,492",61922,82.81774532,17.18225468,
Leeds Central,E14000777,E14000777,Hilary,Benn,Labour,#DC241f,"142,141",81799,109.4022924,-9.402292394,
Leeds East,E14000778,E14000778,Richard,Burgon,Labour,#DC241f,"96,829",64754,86.60541133,13.39458867,
Leeds North East,E14000779,E14000779,Fabian,Hamilton,Labour,#DC241f,"92,508",69097,92.41396836,7.586031644,
Leeds North West,E14000780,E14000780,Greg,Mulholland,Liberal Democrat,#FDBB30,"84,040",61974,82.88729286,17.11270714,
Leeds West,E14000781,E14000781,Rachel,Reeves,Labour,#DC241f,"93,673",64950,86.86755206,13.13244794,
Leicester East,E14000782,E14000782,Keith,Vaz,Labour,#DC241f,"112,243",75430,100.8840562,-0.884056227,
Leicester South,E14000783,E14000783,Jon,Ashworth,Labour/Co-operative,#DC241f,"120,535",73518,98.32684669,1.673153312,
Leicester West,E14000784,E14000784,Liz,Kendall,Labour,#DC241f,"104,875",63204,84.53235967,15.46764033,
Leigh,E14000785,E14000785,Andy,Burnham,Labour,#DC241f,"104,160",75905,101.5193463,-1.519346253,
Lewes,E14000786,E14000786,Maria,Caulfield,Conservative,#0087DC,"90,880",69481,92.92755019,7.072449812,
Lewisham East,E14000787,E14000787,Heidi,Alexander,Labour,#DC241f,"107,520",66913,89.49297169,10.50702831,
Lewisham West and Penge,E14000788,E14000788,Jim,Dowd,Labour,#DC241f,"112,119",72290,96.68445479,3.315545213,
"Lewisham, Deptford",E14000789,E14000789,Vicky,Foxcroft,Labour,#DC241f,"119,954",73428,98.20647595,1.793524054,
Leyton and Wanstead,E14000790,E14000790,John,Cryer,Labour,#DC241f,"108,086",64580,86.37269457,13.62730543,
Lichfield,E14000791,E14000791,Michael,Fabricant,Conservative,#0087DC,"94,519",74234,99.28446281,0.715537188,
Lincoln,E14000792,E14000792,Karl,McCartney,Conservative,#0087DC,"109,213",74121,99.13333066,0.866669342,
"Liverpool, Riverside",E14000793,E14000793,Louise,Ellman,Labour/Co-operative,#DC241f,"119,885",70829,94.73043641,5.269563589,
"Liverpool, Walton",E14000794,E14000794,Steve,Rotheram,Labour,#DC241f,"91,770",61908,82.79902098,17.20097902,
"Liverpool, Wavertree",E14000795,E14000795,Luciana,Berger,Labour/Co-operative,#DC241f,"92,536",61549,82.31887547,17.68112453,
"Liverpool, West Derby",E14000796,E14000796,Stephen,Twigg,Labour/Co-operative,#DC241f,"90,604",63651,85.13020102,14.86979898,
Llanelli,W07000045,W07000045,Nia,Griffith,Labour,#DC241f,"81,895",59314,79.32966871,20.67033129,
Loughborough,E14000797,E14000797,Nicky,Morgan,Conservative,#0087DC,"103,482",75217,100.5991788,-0.599178804,
Louth and Horncastle,E14000798,E14000798,Victoria,Atkins,Conservative,#0087DC,"97,622",74870,100.1350827,-0.135082721,
Ludlow,E14000799,E14000799,Philip,Dunne,Conservative,#0087DC,"85,447",66374,88.77208469,11.22791531,
Luton North,E14000800,E14000800,Kelvin,Hopkins,Labour,#DC241f,"101,550",67329,90.049352,9.950647996,
Luton South,E14000801,E14000801,Gavin,Shuker,Labour/Co-operative,#DC241f,"115,552",67741,90.60038251,9.399617489,
Macclesfield,E14000802,E14000802,David,Rutley,Conservative,#0087DC,"93,856",71712,95.91140713,4.088592866,
Maidenhead,E14000803,E14000803,Theresa,May,Conservative,#0087DC,"103,937",74187,99.22160254,0.778397464,
Maidstone and The Weald,E14000804,E14000804,Helen,Grant,Conservative,#0087DC,"105,075",73181,97.87612513,2.123874868,
Makerfield,E14000805,E14000805,Yvonne,Fovargue,Labour,#DC241f,"98,894",74320,99.39948374,0.600516257,
Maldon,E14000806,E14000806,John,Whittingdale,Conservative,#0087DC,"90,124",69066,92.37250732,7.627492677,
Manchester Central,E14000807,E14000807,Lucy,Powell,Labour/Co-operative,#DC241f,"143,009",86078,115.1252524,-15.12525244,
"Manchester, Gorton",E14000808,E14000808,Gerald,Kaufman,Labour,#DC241f,"114,184",72992,97.62334657,2.376653426,
"Manchester, Withington",E14000809,E14000809,Jeff,Smith,Labour,#DC241f,"99,956",74102,99.10791906,0.892080943,
Mansfield,E14000810,E14000810,Alan,Meale,Labour,#DC241f,"105,893",77534,103.6980567,-3.698056681,
Meon Valley,E14000811,E14000811,George,Hollingbery,Conservative,#0087DC,"91,718",72738,97.28363359,2.716366409,
Meriden,E14000812,E14000812,Caroline,Spelman,Conservative,#0087DC,"109,448",81928,109.5748238,-9.574823791,
Merthyr Tydfil and Rhymney,W07000071,W07000071,Gerald,Jones,Labour,#DC241f,"75,388",61716,82.54223007,17.45776993,
Mid Bedfordshire,E14000813,E14000813,Nadine,Dorries,Conservative,#0087DC,"105,654",78501,104.9913734,-4.99137343,
Mid Derbyshire,E14000814,E14000814,Pauline,Latham,Conservative,#0087DC,"84,782",67477,90.247295,9.752704998,
Mid Dorset and North Poole,E14000815,E14000815,Michael,Tomlinson,Conservative,#0087DC,"81,540",64299,85.99687036,14.00312964,
Mid Norfolk,E14000816,E14000816,George,Freeman,Conservative,#0087DC,"102,544",77154,103.1898247,-3.18982466,
Mid Sussex,E14000817,E14000817,Nicholas,Soames,Conservative,#0087DC,"109,445",81034,108.3791411,-8.379141088,
Mid Worcestershire,E14000818,E14000818,Nigel,Huddleston,Conservative,#0087DC,"96,647",73069,97.72633043,2.273669569,
Middlesbrough,E14000819,E14000819,Andy,McDonald,Labour,#DC241f,"94,653",61873,82.75221014,17.24778986,
Middlesbrough South and East Cleveland,E14000820,E14000820,Tom,Blenkinsop,Labour,#DC241f,"92,713",71154,95.16510853,4.834891466,
Milton Keynes North,E14000821,E14000821,Mark,Lancaster,Conservative,#0087DC,"127,725",86826,116.1256671,-16.12566705,
Milton Keynes South,E14000822,E14000822,Iain,Stewart,Conservative,#0087DC,"131,520",89656,119.9106582,-19.91065816,
Mitcham and Morden,E14000823,E14000823,Siobhain,McDonagh,Labour,#DC241f,"106,446",68474,91.58073533,8.419264669,
Mole Valley,E14000824,E14000824,Paul,Beresford,Conservative,#0087DC,"95,912",74038,99.02232209,0.977677915,
Monmouth,W07000054,W07000054,David,Davies,Conservative,#0087DC,"84,500",62248,83.2537549,16.7462451,
Montgomeryshire,W07000063,W07000063,Glyn,Davies,Conservative,#0087DC,"63,529",48690,65.12057136,34.87942864,
Morecambe and Lunesdale,E14000825,E14000825,David,Morris,Conservative,#0087DC,"88,964",66985,89.58926828,10.41073172,
Morley and Outwood,E14000826,E14000826,Andrea,Jenkyns,Conservative,#0087DC,"97,509",75820,101.4056628,-1.405662775,
Neath,W07000069,W07000069,Christina,Rees,Labour,#DC241f,"73,875",56097,75.02708342,24.97291658,
New Forest East,E14000827,E14000827,Julian,Lewis,Conservative,#0087DC,"93,597",72697,97.22879803,2.771201969,
New Forest West,E14000828,E14000828,Desmond,Swayne,Conservative,#0087DC,"85,310",68446,91.54328666,8.456713344,
Newark,E14000829,E14000829,Robert,Jenrick,Conservative,#0087DC,"101,751",73747,98.63312335,1.366876647,
Newbury,E14000830,E14000830,Richard,Benyon,Conservative,#0087DC,"109,155",79512,106.3435381,-6.343538097,
Newcastle upon Tyne Central,E14000831,E14000831,Chi,Onwurah,Labour,#DC241f,"98,501",58147,77.76886143,22.23113857,
Newcastle upon Tyne East,E14000832,E14000832,Nick,Brown,Labour,#DC241f,"99,930",64243,85.92197301,14.07802699,
Newcastle upon Tyne North,E14000833,E14000833,Catherine,McKinnell,Labour,#DC241f,"91,404",67902,90.81571239,9.184287606,
Newcastle-under-Lyme,E14000834,E14000834,Paul,Farrelly,Labour,#DC241f,"91,205",67619,90.43721328,9.562786716,
Newport East,W07000055,W07000055,Jessica,Morden,Labour,#DC241f,"78,867",56015,74.9174123,25.0825877,
Newport West,W07000056,W07000056,Paul,Flynn,Labour,#DC241f,"85,689",62137,83.10529765,16.89470235,
Newton Abbot,E14000835,E14000835,Anne Marie,Morris,Conservative,#0087DC,"87,873",69928,93.52539154,6.474608461,
"Normanton, Pontefract and Castleford",E14000836,E14000836,Yvette,Cooper,Labour,#DC241f,"109,418",82592,110.4628924,-10.46289238,
North Cornwall,E14000837,E14000837,Scott,Mann,Conservative,#0087DC,"90,054",67192,89.86612099,10.13387901,
North Devon,E14000838,E14000838,Peter,Heaton-Jones,Conservative,#0087DC,"94,059",74737,99.95720151,0.042798486,
North Dorset,E14000839,E14000839,Simon,Hoare,Conservative,#0087DC,"97,407",73759,98.64917279,1.350827214,
North Durham,E14000840,E14000840,Kevan,Jones,Labour,#DC241f,"87,459",65359,87.41457021,12.58542979,
North East Bedfordshire,E14000841,E14000841,Alistair,Burt,Conservative,#0087DC,"109,625",83551,111.7455095,-11.7455095,
North East Cambridgeshire,E14000842,E14000842,Stephen,Barclay,Conservative,#0087DC,"115,511",82990,110.9951985,-10.99519854,
North East Derbyshire,E14000843,E14000843,Natascha,Engel,Labour,#DC241f,"91,033",71445,95.55430727,4.445692734,
North East Hampshire,E14000844,E14000844,Ranil,Jayawardena,Conservative,#0087DC,"98,393",76918,102.8741858,-2.874185826,
North East Hertfordshire,E14000845,E14000845,Oliver,Heald,Conservative,#0087DC,"98,046",74000,98.97149888,1.028501117,
North East Somerset,E14000846,E14000846,Jacob,Rees-Mogg,Conservative,#0087DC,"89,024",69380,92.79246747,7.207532534,
North Herefordshire,E14000847,E14000847,Bill,Wiggin,Conservative,#0087DC,"88,014",67926,90.84781126,9.152188741,
North Norfolk,E14000848,E14000848,Norman,Lamb,Liberal Democrat,#FDBB30,"85,788",68867,92.10635424,7.893645762,
North Shropshire,E14000849,E14000849,Owen,Paterson,Conservative,#0087DC,"106,254",78858,105.468844,-5.46884404,
North Somerset,E14000850,E14000850,Liam,Fox,Conservative,#0087DC,"100,634",80161,107.2115449,-7.211544892,
North Swindon,E14000851,E14000851,Justin,Tomlinson,Conservative,#0087DC,"110,642",80983,108.310931,-8.310931001,
North Thanet,E14000852,E14000852,Roger,Gale,Conservative,#0087DC,"96,567",71478,95.59844321,4.401556795,
North Tyneside,E14000853,E14000853,Mary,Glindon,Labour,#DC241f,"103,198",79300,106.0599981,-6.059998128,
North Warwickshire,E14000854,E14000854,Craig,Tracey,Conservative,#0087DC,"90,868",70152,93.82498094,6.175019059,
North West Cambridgeshire,E14000855,E14000855,Shailesh,Vara,Conservative,#0087DC,"128,647",90318,120.7960518,-20.79605184,
North West Durham,E14000856,E14000856,Pat,Glass,Labour,#DC241f,"92,825",69816,93.37559684,6.624403162,
North West Hampshire,E14000857,E14000857,Kit,Malthouse,Conservative,#0087DC,"103,773",79223,105.9570143,-5.957014271,
North West Leicestershire,E14000858,E14000858,Andrew,Bridgen,Conservative,#0087DC,"95,882",72193,96.55472188,3.445278123,
North West Norfolk,E14000859,E14000859,Henry,Bellingham,Conservative,#0087DC,"96,493",74402,99.50915486,0.490845136,
North Wiltshire,E14000860,E14000860,James,Gray,Conservative,#0087DC,"90,649",67851,90.74750231,9.252497693,
Northampton North,E14000861,E14000861,Michael,Ellis,Conservative,#0087DC,"88,284",59144,79.10230176,20.89769824,
Northampton South,E14000862,E14000862,David,Mackintosh,Conservative,#0087DC,"97,969",61287,81.96846287,18.03153713,
Norwich North,E14000863,E14000863,Chloe,Smith,Conservative,#0087DC,"89,079",64515,86.28576014,13.71423986,
Norwich South,E14000864,E14000864,Clive,Lewis,Labour,#DC241f,"100,425",74875,100.14177,-0.141769985,
Nottingham East,E14000865,E14000865,Chris,Leslie,Labour/Co-operative,#DC241f,"102,701",60464,80.8677393,19.1322607,
Nottingham North,E14000866,E14000866,Graham,Allen,Labour,#DC241f,"98,318",65918,88.16220626,11.83779374,
Nottingham South,E14000867,E14000867,Lilian,Greenwood,Labour,#DC241f,"113,249",68987,92.26684856,7.73315144,
Nuneaton,E14000868,E14000868,Marcus,Jones,Conservative,#0087DC,"91,676",68037,90.99626851,9.003731493,
Ogmore,W07000074,W07000074,Huw,Irranca-Davies,Labour,#DC241f,"75,973",55572,74.32492076,25.67507924,
Old Bexley and Sidcup,E14000869,E14000869,James,Brokenshire,Conservative,#0087DC,"88,661",66035,88.31868823,11.68131177,
Oldham East and Saddleworth,E14000870,E14000870,Debbie,Abrahams,Labour,#DC241f,"103,584",71475,95.59443085,4.405569153,
Oldham West and Royton,E14000871,E14000871,Jim,McMahon,Labour,#DC241f,"104,378",71652,95.83115997,4.168840027,
Orpington,E14000872,E14000872,Jo,Johnson,Conservative,#0087DC,"90,568",68129,91.11931415,8.880685846,
Oxford East,E14000873,E14000873,Andrew,Smith,Labour,#DC241f,"126,615",78978,105.6293384,-5.629338362,
Oxford West and Abingdon,E14000874,E14000874,Nicola,Blackwood,Conservative,#0087DC,"108,389",76174,101.879121,-1.879121026,
Pendle,E14000875,E14000875,Andrew,Stephenson,Conservative,#0087DC,"89,840",64573,86.3633324,13.6366676,
Penistone and Stocksbridge,E14000876,E14000876,Angela,Smith,Labour,#DC241f,"88,050",70817,94.71438698,5.285613021,
Penrith and The Border,E14000877,E14000877,Rory,Stewart,Conservative,#0087DC,"82,051",65209,87.21395231,12.78604769,
Peterborough,E14000878,E14000878,Stewart,Jackson,Conservative,#0087DC,"119,048",72530,97.00544343,2.994556568,
"Plymouth, Moor View",E14000879,E14000879,Johnny,Mercer,Conservative,#0087DC,"93,008",68246,91.27579612,8.724203881,
"Plymouth, Sutton and Devonport",E14000880,E14000880,Oliver,Colvile,Conservative,#0087DC,"114,097",73274,98.00050823,1.999491768,
Pontypridd,W07000075,W07000075,Owen,Smith,Labour,#DC241f,"81,147",58940,78.82946141,21.17053859,
Poole,E14000881,E14000881,Robert,Syms,Conservative,#0087DC,"97,591",72557,97.04155466,2.958445345,
Poplar and Limehouse,E14000882,E14000882,Jim,Fitzpatrick,Labour,#DC241f,"147,492",82081,109.7794541,-9.779454052,
Portsmouth North,E14000883,E14000883,Penny,Mordaunt,Conservative,#0087DC,"100,044",73105,97.77447873,2.225521272,
Portsmouth South,E14000884,E14000884,Flick,Drummond,Conservative,#0087DC,"109,041",71639,95.81377309,4.186226912,
Preseli Pembrokeshire,W07000065,W07000065,Stephen,Crabb,Conservative,#0087DC,"77,795",57291,76.62400193,23.37599807,
Preston,E14000885,E14000885,Mark,Hendrick,Labour/Co-operative,#DC241f,"95,169",59981,80.22174966,19.77825034,
Pudsey,E14000886,E14000886,Stuart,Andrew,Conservative,#0087DC,"90,342",70533,94.33455042,5.665449585,
Putney,E14000887,E14000887,Justine,Greening,Conservative,#0087DC,"93,694",63923,85.49398815,14.50601185,
Rayleigh and Wickford,E14000888,E14000888,Mark,Francois,Conservative,#0087DC,"99,715",77174,103.2165737,-3.216573714,
Reading East,E14000889,E14000889,Rob,Wilson,Conservative,#0087DC,"111,623",73232,97.94433522,2.055664781,
Reading West,E14000890,E14000890,Alok,Sharma,Conservative,#0087DC,"103,837",72567,97.05492918,2.945070818,
Redcar,E14000891,E14000891,Anna,Turley,Labour/Co-operative,#DC241f,"86,795",64826,86.70170793,13.29829207,
Redditch,E14000892,E14000892,Karen,Lumley,Conservative,#0087DC,"89,952",65531,87.64461207,12.35538793,
Reigate,E14000893,E14000893,Crispin,Blunt,Conservative,#0087DC,"104,506",73429,98.2078134,1.792186601,
Rhondda,W07000052,W07000052,Chris,Bryant,Labour,#DC241f,"69,546",51811,69.2947612,30.7052388,
Ribble Valley,E14000894,E14000894,Nigel,Evans,Conservative,#0087DC,"97,608",77379,103.4907515,-3.490751515,
Richmond (Yorks),E14000895,E14000895,Rishi,Sunak,Conservative,#0087DC,"108,256",79062,105.7416844,-5.741684388,
Richmond Park,E14000896,E14000896,Zac,Goldsmith,Conservative,#0087DC,"121,736",77303,103.3891051,-3.38910511,
Rochdale,E14000897,E14000897,Simon,Danczuk,Labour,#DC241f,"108,257",77248,103.3155452,-3.315545213,
Rochester and Strood,E14000898,E14000898,Kelly,Tolhurst,Conservative,#0087DC,"109,804",77119,103.1430138,-3.143013816,
Rochford and Southend East,E14000899,E14000899,James,Duddridge,Conservative,#0087DC,"102,671",71935,96.20965908,3.790340917,
Romford,E14000900,E14000900,Andrew,Rosindell,Conservative,#0087DC,"100,393",72594,97.0910404,2.908959596,
Romsey and Southampton North,E14000901,E14000901,Caroline,Nokes,Conservative,#0087DC,"88,500",66519,88.96601533,11.03398467,
Rossendale and Darwen,E14000902,E14000902,Jake,Berry,Conservative,#0087DC,"97,188",73779,98.67592184,1.324078161,
Rother Valley,E14000903,E14000903,Kevin,Barron,Labour,#DC241f,"94,959",74275,99.33929837,0.660701628,
Rotherham,E14000904,E14000904,Sarah,Champion,Labour,#DC241f,"90,974",63698,85.1930613,14.8069387,
Rugby,E14000905,E14000905,Mark,Pawsey,Conservative,#0087DC,"98,975",71655,95.83517233,4.164827669,
"Ruislip, Northwood and Pinner",E14000906,E14000906,Nick,Hurd,Conservative,#0087DC,"96,289",73216,97.92293598,2.077064024,
Runnymede and Weybridge,E14000907,E14000907,Philip,Hammond,Conservative,#0087DC,"106,214",73771,98.66522222,1.334777782,
Rushcliffe,E14000908,E14000908,Kenneth,Clarke,Conservative,#0087DC,"96,850",73278,98.00585804,1.994141957,
Rutland and Melton,E14000909,E14000909,Alan,Duncan,Conservative,#0087DC,"102,443",79693,106.585617,-6.585617034,
Saffron Walden,E14000910,E14000910,Alan,Haselhurst,Conservative,#0087DC,"107,061",80615,107.8187484,-7.818748412,
Salford and Eccles,E14000911,E14000911,Rebecca,Long-Bailey,Labour,#DC241f,"113,290",74291,99.36069762,0.639302385,
Salisbury,E14000912,E14000912,John,Glen,Conservative,#0087DC,"93,383",69582,93.06263291,6.937367091,
Scarborough and Whitby,E14000913,E14000913,Robert,Goodwill,Conservative,#0087DC,"96,591",73511,98.31748452,1.682515481,
Scunthorpe,E14000914,E14000914,Nicholas,Dakin,Labour,#DC241f,"90,422",64025,85.63040832,14.36959168,
Sedgefield,E14000915,E14000915,Phil,Wilson,Labour,#DC241f,"83,842",62844,84.0508767,15.9491233,
Sefton Central,E14000916,E14000916,Bill,Esterson,Labour,#DC241f,"84,167",67744,90.60439487,9.39560513,
Selby and Ainsty,E14000917,E14000917,Nigel,Adams,Conservative,#0087DC,"98,112",76082,101.7560754,-1.756075379,
Sevenoaks,E14000918,E14000918,Michael,Fallon,Conservative,#0087DC,"95,448",71958,96.2404205,3.759579505,
Sheffield Central,E14000919,E14000919,Paul,Blomfield,Labour,#DC241f,"121,581",72321,96.72591582,3.274084179,
Sheffield South East,E14000920,E14000920,Clive,Betts,Labour,#DC241f,"93,665",70422,94.18609317,5.813906833,
"Sheffield, Brightside and Hillsborough",E14000921,E14000921,None,None,None,#ffffff,"109,586",70874,94.79062178,5.209378218,
"Sheffield, Hallam",E14000922,E14000922,Nick,Clegg,Liberal Democrat,#FDBB30,"90,878",72351,96.7660394,3.233960599,
"Sheffield, Heeley",E14000923,E14000923,Louise,Haigh,Labour,#DC241f,"93,946",67950,90.87991012,9.120089877,
Sherwood,E14000924,E14000924,Mark,Spencer,Conservative,#0087DC,"96,868",73349,98.10081718,1.899182816,
Shipley,E14000925,E14000925,Philip,Davies,Conservative,#0087DC,"95,465",70464,94.24226618,5.75773382,
Shrewsbury and Atcham,E14000926,E14000926,Daniel,Kawczynski,Conservative,#0087DC,"103,320",76400,102.1813853,-2.181385333,
Sittingbourne and Sheppey,E14000927,E14000927,Gordon,Henderson,Conservative,#0087DC,"112,829",76018,101.6704784,-1.670478407,
Skipton and Ripon,E14000928,E14000928,Julian,Smith,Conservative,#0087DC,"98,860",76645,102.5090612,-2.509061242,
Sleaford and North Hykeham,E14000929,E14000929,Stephen,Phillips,Conservative,#0087DC,"114,316",87972,117.6583878,-17.65838783,
Slough,E14000930,E14000930,Fiona,Mactaggart,Labour,#DC241f,"138,143",86366,115.5104388,-15.51043882,
Solihull,E14000931,E14000931,Julian,Knight,Conservative,#0087DC,"100,442",77956,104.2624617,-4.262461715,
Somerton and Frome,E14000932,E14000932,David,Warburton,Conservative,#0087DC,"104,775",83281,111.3843973,-11.38439728,
South Basildon and East Thurrock,E14000933,E14000933,Stephen,Metcalfe,Conservative,#0087DC,"98,023",71155,95.16644599,4.833554013,
South Cambridgeshire,E14000934,E14000934,Heidi,Allen,Conservative,#0087DC,"113,598",84132,112.5225695,-12.52256951,
South Derbyshire,E14000935,E14000935,Heather,Wheeler,Conservative,#0087DC,"98,374",73923,98.86851503,1.131484974,
South Dorset,E14000936,E14000936,Richard,Drax,Conservative,#0087DC,"92,244",71534,95.67334056,4.326659444,
South East Cambridgeshire,E14000937,E14000937,Lucy,Frazer,Conservative,#0087DC,"117,960",84570,113.1083738,-13.10837379,
South East Cornwall,E14000938,E14000938,Sheryll,Murray,Conservative,#0087DC,"89,148",71071,95.05409996,4.945900039,
South Holland and The Deepings,E14000939,E14000939,John,Hayes,Conservative,#0087DC,"103,939",76460,102.2616325,-2.261632495,
South Leicestershire,E14000940,E14000940,Alberto,Costa,Conservative,#0087DC,"102,558",76851,102.7845765,-2.784576496,
South Norfolk,E14000941,E14000941,Richard,Bacon,Conservative,#0087DC,"102,407",80721,107.9605184,-7.960518397,
South Northamptonshire,E14000942,E14000942,Andrea,Leadsom,Conservative,#0087DC,"112,354",85781,114.728029,-14.728029,
South Ribble,E14000943,E14000943,Seema,Kennedy,Conservative,#0087DC,"97,698",76489,102.3004186,-2.300418623,
South Shields,E14000944,E14000944,Emma,Lewell-Buck,Labour,#DC241f,"82,660",62730,83.89840709,16.10159291,
South Staffordshire,E14000945,E14000945,Gavin,Williamson,Conservative,#0087DC,"96,105",72771,97.32776953,2.67223047,
South Suffolk,E14000946,E14000946,James,Cartlidge,Conservative,#0087DC,"92,880",73836,98.75215664,1.247843358,
South Swindon,E14000947,E14000947,Robert,Buckland,Conservative,#0087DC,"105,157",73926,98.87252738,1.127472616,
South Thanet,E14000948,E14000948,Craig,Mackinlay,Conservative,#0087DC,"99,449",70970,94.91901724,5.08098276,
South West Bedfordshire,E14000949,E14000949,Andrew,Selous,Conservative,#0087DC,"107,664",79285,106.0399363,-6.039936337,
South West Devon,E14000950,E14000950,Gary,Streeter,Conservative,#0087DC,"88,913",71035,95.00595166,4.994048336,
South West Hertfordshire,E14000951,E14000951,David,Gauke,Conservative,#0087DC,"108,544",79668,106.5521807,-6.552180717,
South West Norfolk,E14000952,E14000952,Elizabeth,Truss,Conservative,#0087DC,"106,586",76970,102.9437334,-2.943733365,
South West Surrey,E14000953,E14000953,Jeremy,Hunt,Conservative,#0087DC,"104,099",77548,103.716781,-3.716781019,
South West Wiltshire,E14000954,E14000954,Andrew,Murrison,Conservative,#0087DC,"99,997",73018,97.65812034,2.341879656,
"Southampton, Itchen",E14000955,E14000955,Royston,Smith,Conservative,#0087DC,"106,809",72281,96.67241771,3.327582287,
"Southampton, Test",E14000956,E14000956,Alan,Whitehead,Labour,#DC241f,"110,463",70270,93.98280036,6.017199642,
Southend West,E14000957,E14000957,David,Amess,Conservative,#0087DC,"90,830",66876,89.44348594,10.55651406,
Southport,E14000958,E14000958,John,Pugh,Liberal Democrat,#FDBB30,"91,186",67326,90.04533965,9.954660354,
Spelthorne,E14000959,E14000959,Kwasi,Kwarteng,Conservative,#0087DC,"98,106",71592,95.75091281,4.249087189,
St Albans,E14000960,E14000960,Anne,Main,Conservative,#0087DC,"101,400",75825,101.41235,-1.412350038,
St Austell and Newquay,E14000961,E14000961,Steve,Double,Conservative,#0087DC,"102,083",76607,102.458238,-2.45823804,
St Helens North,E14000962,E14000962,Conor,McGinn,Labour,#DC241f,"97,472",75262,100.6593642,-0.659364175,
St Helens South and Whiston,E14000963,E14000963,Marie,Rimmer,Labour,#DC241f,"101,898",77720,103.9468229,-3.946822881,
St Ives,E14000964,E14000964,Derek,Thomas,Conservative,#0087DC,"86,150",65570,87.69677273,12.30322727,
Stafford,E14000965,E14000965,Jeremy,Lefroy,Conservative,#0087DC,"96,106",68705,91.8896869,8.110313098,
Staffordshire Moorlands,E14000966,E14000966,Karen,Bradley,Conservative,#0087DC,"78,012",63104,84.3986144,15.6013856,
Stalybridge and Hyde,E14000967,E14000967,Jonathan,Reynolds,Labour/Co-operative,#DC241f,"92,439",71357,95.43661143,4.56338857,
Stevenage,E14000968,E14000968,Stephen,McPartland,Conservative,#0087DC,"96,410",70597,94.42014739,5.579852613,
Stockport,E14000969,E14000969,Ann,Coffey,Labour,#DC241f,"86,776",63931,85.50468777,14.49531223,
Stockton North,E14000970,E14000970,Alex,Cunningham,Labour,#DC241f,"92,410",66126,88.44039642,11.55960358,
Stockton South,E14000971,E14000971,James,Wharton,Conservative,#0087DC,"101,709",75111,100.4574088,-0.457408819,
Stoke-on-Trent Central,E14000972,E14000972,Tristram,Hunt,Labour,#DC241f,"84,159",60634,81.09510626,18.90489374,
Stoke-on-Trent North,E14000973,E14000973,Ruth,Smeeth,Labour,#DC241f,"97,342",71438,95.5449451,4.455054902,
Stoke-on-Trent South,E14000974,E14000974,Rob,Flello,Labour,#DC241f,"89,726",68091,91.06849095,8.931509048,
Stone,E14000975,E14000975,Bill,Cash,Conservative,#0087DC,"85,120",67339,90.06272653,9.937273469,
Stourbridge,E14000976,E14000976,Margot,James,Conservative,#0087DC,"89,862",69077,92.3872193,7.612780698,
Stratford-on-Avon,E14000977,E14000977,Nadhim,Zahawi,Conservative,#0087DC,"89,088",71304,95.36572644,4.634273563,
Streatham,E14000978,E14000978,Chuka,Umunna,Labour,#DC241f,"122,760",79137,105.8419933,-5.841993339,
Stretford and Urmston,E14000979,E14000979,Kate,Green,Labour,#DC241f,"100,396",69026,92.31900922,7.680990785,
Stroud,E14000980,E14000980,Neil,Carmichael,Conservative,#0087DC,"102,093",80544,107.7237893,-7.723789271,
Suffolk Coastal,E14000981,E14000981,Therese,Coffey,Conservative,#0087DC,"99,271",77816,104.0752183,-4.075218339,
Sunderland Central,E14000982,E14000982,Julie,Elliott,Labour,#DC241f,"100,799",72950,97.56717356,2.432826439,
Surrey Heath,E14000983,E14000983,Michael,Gove,Conservative,#0087DC,"107,373",79515,106.3475505,-6.347550455,
Sutton and Cheam,E14000984,E14000984,Paul,Scully,Conservative,#0087DC,"98,916",69228,92.58917466,7.410825342,
Sutton Coldfield,E14000985,E14000985,Andrew,Mitchell,Conservative,#0087DC,"94,914",74956,100.2501037,-0.250103653,
Swansea East,W07000048,W07000048,Carolyn,Harris,Labour,#DC241f,"81,016",58011,77.58696786,22.41303214,
Swansea West,W07000047,W07000047,Geraint,Davies,Labour/Co-operative,#DC241f,"82,174",58776,78.61011917,21.38988083,
Tamworth,E14000986,E14000986,Christopher,Pincher,Conservative,#0087DC,"95,701",71913,96.18023512,3.819764876,
Tatton,E14000987,E14000987,George,Osborne,Conservative,#0087DC,"85,184",65004,86.93977451,13.06022549,
Taunton Deane,E14000988,E14000988,Rebecca,Pow,Conservative,#0087DC,"112,817",83221,111.3041501,-11.30415012,
Telford,E14000989,E14000989,Lucy,Allan,Conservative,#0087DC,"91,892",66166,88.49389453,11.50610547,
Tewkesbury,E14000990,E14000990,Laurence,Robertson,Conservative,#0087DC,"102,050",78910,105.5383916,-5.538391579,
The Cotswolds,E14000991,E14000991,Geoffrey,Clifton-Brown,Conservative,#0087DC,"97,637",78290,104.7091709,-4.709170913,
The Wrekin,E14000992,E14000992,Mark,Pritchard,Conservative,#0087DC,"92,648",65942,88.19430513,11.80569487,
Thirsk and Malton,E14000993,E14000993,Kevin,Hollinrake,Conservative,#0087DC,"98,371",77451,103.5870481,-3.587048108,
Thornbury and Yate,E14000994,E14000994,Luke,Hall,Conservative,#0087DC,"84,270",66066,88.36014926,11.63985074,
Thurrock,E14000995,E14000995,Jackie,Doyle-Price,Conservative,#0087DC,"122,024",77559,103.731493,-3.731492998,
Tiverton and Honiton,E14000996,E14000996,Neil,Parish,Conservative,#0087DC,"99,493",76270,102.0075165,-2.007516484,
Tonbridge and Malling,E14000997,E14000997,Thomas,Tugendhat,Conservative,#0087DC,"102,375",74877,100.1444449,-0.14444489,
Tooting,E14000998,E14000998,Sadiq,Khan,Labour,#DC241f,"107,523",76782,102.6922923,-2.69229226,
Torbay,E14000999,E14000999,Kevin,Foster,Conservative,#0087DC,"98,650",76350,102.1145127,-2.114512699,
Torfaen,W07000053,W07000053,Nick,Thomas-Symonds,Labour,#DC241f,"81,730",61896,82.78297155,17.21702845,
Torridge and West Devon,E14001000,E14001000,Geoffrey,Cox,Conservative,#0087DC,"99,202",78621,105.1518678,-5.151867753,
Totnes,E14001001,E14001001,Sarah,Wollaston,Conservative,#0087DC,"83,970",68630,91.78937795,8.210622049,
Tottenham,E14001002,E14001002,David,Lammy,Labour,#DC241f,"138,103",70803,94.69566264,5.304337359,
Truro and Falmouth,E14001003,E14001003,Sarah,Newton,Conservative,#0087DC,"92,256",73601,98.43785526,1.562144739,
Tunbridge Wells,E14001004,E14001004,Greg,Clark,Conservative,#0087DC,"106,292",73429,98.2078134,1.792186601,
Twickenham,E14001005,E14001005,Tania,Mathias,Conservative,#0087DC,"117,151",80250,107.3305782,-7.330578181,
Tynemouth,E14001006,E14001006,Alan,Campbell,Labour,#DC241f,"99,546",77524,103.6846822,-3.684682154,
Uxbridge and South Ruislip,E14001007,E14001007,Boris,Johnson,Conservative,#0087DC,"107,528",70631,94.46562078,5.534379221,
Vale of Clwyd,W07000060,W07000060,James,Davies,Conservative,#0087DC,"71,692",56505,75.57276411,24.42723589,
Vale of Glamorgan,W07000078,W07000078,Alun,Cairns,Conservative,#0087DC,"98,688",72794,97.35853094,2.641469058,
Vauxhall,E14001008,E14001008,Kate,Hoey,Labour,#DC241f,"118,633",82231,109.980072,-9.980071955,
Wakefield,E14001009,E14001009,Mary,Creagh,Labour,#DC241f,"96,686",70521,94.31850098,5.681499017,
Wallasey,E14001010,E14001010,Angela,Eagle,Labour,#DC241f,"89,686",65495,87.59646378,12.40353622,
Walsall North,E14001011,E14001011,David,Winnick,Labour,#DC241f,"95,970",67080,89.71632628,10.28367372,
Walsall South,E14001012,E14001012,Valerie,Vaz,Labour,#DC241f,"100,467",67743,90.60305742,9.396942583,
Walthamstow,E14001013,E14001013,Stella,Creasy,Labour/Co-operative,#DC241f,"115,911",67015,89.62939186,10.37060814,
Wansbeck,E14001014,E14001014,Ian,Lavery,Labour,#DC241f,"81,756",60705,81.1900654,18.8099346,
Wantage,E14001015,E14001015,Ed,Vaizey,Conservative,#0087DC,"110,586",82931,110.9162888,-10.91628884,
Warley,E14001016,E14001016,John,Spellar,Labour,#DC241f,"94,734",63738,85.2465594,14.7534406,
Warrington North,E14001017,E14001017,Helen,Jones,Labour,#DC241f,"95,929",72104,96.43568859,3.564311412,
Warrington South,E14001018,E14001018,David,Mowat,Conservative,#0087DC,"110,499",84767,113.371852,-13.37185197,
Warwick and Leamington,E14001019,E14001019,Chris,White,Conservative,#0087DC,"99,149",71578,95.73218847,4.267811526,
Washington and Sunderland West,E14001020,E14001020,Sharon,Hodgson,Labour,#DC241f,"88,449",68190,91.20089877,8.799101232,
Watford,E14001021,E14001021,Richard,Harrington,Conservative,#0087DC,"119,714",83535,111.7241103,-11.72411026,
Waveney,E14001022,E14001022,Peter,Aldous,Conservative,#0087DC,"102,963",80166,107.2182322,-7.218232155,
Wealden,E14001023,E14001023,Nusrat,Ghani,Conservative,#0087DC,"106,166",80236,107.3118538,-7.311853843,
Weaver Vale,E14001024,E14001024,Graham,Evans,Conservative,#0087DC,"88,160",68407,91.491126,8.508873999,
Wellingborough,E14001025,E14001025,Peter,Bone,Conservative,#0087DC,"108,492",74317,99.39547139,0.604528615,
Wells,E14001026,E14001026,James,Heappey,Conservative,#0087DC,"105,205",79405,106.2004307,-6.20043066,
Welwyn Hatfield,E14001027,E14001027,Grant,Shapps,Conservative,#0087DC,"110,751",73247,97.96439701,2.035602991,
Wentworth and Dearne,E14001028,E14001028,John,Healey,Labour,#DC241f,"96,636",74283,99.34999799,0.650002006,
West Bromwich East,E14001029,E14001029,Tom,Watson,Labour,#DC241f,"90,053",63637,85.11147668,14.88852332,
West Bromwich West,E14001030,E14001030,Adrian,Bailey,Labour/Co-operative,#DC241f,"93,287",65524,87.6352499,12.3647501,
West Dorset,E14001031,E14001031,Oliver,Letwin,Conservative,#0087DC,"96,498",78000,104.3213096,-4.321309634,
West Ham,E14001032,E14001032,Lyn,Brown,Labour,#DC241f,"166,376",90640,121.2267116,-21.22671161,
West Lancashire,E14001033,E14001033,Rosie,Cooper,Labour,#DC241f,"96,227",70906,94.83342027,5.166579732,
West Suffolk,E14001034,E14001034,Matthew,Hancock,Conservative,#0087DC,"116,858",76198,101.9112199,-1.911219891,
West Worcestershire,E14001035,E14001035,Harriett,Baldwin,Conservative,#0087DC,"93,535",73394,98.16100255,1.838997445,
Westminster North,E14001036,E14001036,Karen,Buck,Labour,#DC241f,"123,502",62346,83.38482526,16.61517474,
Westmorland and Lonsdale,E14001037,E14001037,Tim,Farron,Liberal Democrat,#FDBB30,"83,520",65857,88.08062165,11.91937835,
Weston-Super-Mare,E14001038,E14001038,John,Penrose,Conservative,#0087DC,"107,520",80309,107.4094879,-7.409487889,
Wigan,E14001039,E14001039,Lisa,Nandy,Labour,#DC241f,"102,895",75990,101.6330297,-1.633029732,
Wimbledon,E14001040,E14001040,Stephen,Hammond,Conservative,#0087DC,"97,069",65853,88.07527184,11.92472816,
Winchester,E14001041,E14001041,Steve,Brine,Conservative,#0087DC,"98,884",74119,99.13065575,0.869344247,
Windsor,E14001042,E14001042,Adam,Afriyie,Conservative,#0087DC,"104,074",71538,95.67869037,4.321309634,
Wirral South,E14001043,E14001043,Alison,McGovern,Labour,#DC241f,"72,795",56956,76.17595528,23.82404472,
Wirral West,E14001044,E14001044,Margaret,Greenwood,Labour,#DC241f,"69,251",55377,74.06411748,25.93588252,
Witham,E14001045,E14001045,Priti,Patel,Conservative,#0087DC,"90,028",67090,89.72970081,10.27029919,
Witney,E14001046,E14001046,David,Cameron,Conservative,#0087DC,"108,158",79767,106.6845885,-6.684588533,
Woking,E14001047,E14001047,Jonathan,Lord,Conservative,#0087DC,"106,153",74269,99.33127366,0.668726344,
Wokingham,E14001048,E14001048,John,Redwood,Conservative,#0087DC,"105,240",77881,104.1621528,-4.162152764,
Wolverhampton North East,E14001049,E14001049,Emma,Reynolds,Labour,#DC241f,"89,495",61065,81.67154837,18.32845163,
Wolverhampton South East,E14001050,E14001050,Pat,McFadden,Labour,#DC241f,"90,610",62556,83.66569033,16.33430967,
Wolverhampton South West,E14001051,E14001051,Rob,Marris,Labour,#DC241f,"85,238",60368,80.73934385,19.26065615,
Worcester,E14001052,E14001052,Robin,Walker,Conservative,#0087DC,"100,842",72461,96.9131592,3.086840803,
Workington,E14001053,E14001053,Sue,Hayman,Labour,#DC241f,"78,641",58615,78.39478928,21.60521072,
Worsley and Eccles South,E14001054,E14001054,Barbara,Keeley,Labour,#DC241f,"100,905",72177,96.53332263,3.466677366,
Worthing West,E14001055,E14001055,Peter,Bottomley,Conservative,#0087DC,"96,480",75617,101.1341599,-1.134159879,
Wrexham,W07000044,W07000044,Ian,Lucas,Labour,#DC241f,"71,008",50992,68.19938745,31.80061255,
Wycombe,E14001056,E14001056,Steven,Baker,Conservative,#0087DC,"110,723",76371,102.1425992,-2.142599206,
Wyre and Preston North,E14001057,E14001057,Ben,Wallace,Conservative,#0087DC,"89,025",70637,94.47364549,5.526354505,
Wyre Forest,E14001058,E14001058,Mark,Garnier,Conservative,#0087DC,"98,960",77407,103.5282002,-3.52820019,
Wythenshawe and Sale East,E14001059,E14001059,Mike,Kane,Labour,#DC241f,"107,351",75994,101.6383795,-1.638379542,
Yeovil,E14001060,E14001060,Marcus,Fysh,Conservative,#0087DC,"109,196",82447,110.2689617,-10.26896174,
Ynys M?n,W07000041,W07000041,Albert,Owen,Labour,#DC241f,"70,169",49939,66.79104977,33.20895023,
York Central,E14001061,E14001061,Rachael,Maskell,Labour/Co-operative,#DC241f,"109,007",75351,100.7783975,-0.778397464,
York Outer,E14001062,E14001062,Julian,Sturdy,Conservative,#0087DC,"95,432",78561,105.0716206,-5.071620591,
,,,,,,,,,,,
,,,,,,,,,,,
